USE `models`;

LOCK TABLES `account` WRITE;
INSERT INTO `account` (`id`, `user_id`, `disabled`, `locked`, `expired`, `modified_at`, `avatar`, `deleted`) VALUES (1,1,0,0,0,NULL,0,0);
INSERT INTO `account` (`id`, `user_id`, `disabled`, `locked`, `expired`, `modified_at`, `avatar`, `deleted`) VALUES (2,2,0,0,0,NULL,0,0);

LOCK TABLES `account_infos` WRITE;
INSERT INTO `account_infos` (`id`, `reputation`, `account_id`, `modified_at`, `deleted`) VALUES (1,0,1,NULL,0);
INSERT INTO `account_infos` (`id`, `reputation`, `account_id`, `modified_at`, `deleted`) VALUES (2,0,2,NULL,0);

LOCK TABLES `account_settings` WRITE;
INSERT INTO `account_settings` (`id`, `account_id`, `notifier_post`, `notifier_comment`, `modified_at`, `deleted`) VALUES (1,1,1,1,NULL,0);
INSERT INTO `account_settings` (`id`, `account_id`, `notifier_post`, `notifier_comment`, `modified_at`, `deleted`) VALUES (2,2,1,1,NULL,0);

LOCK TABLES `activity` WRITE;
INSERT INTO `activity` (`id`, `account_id`, `thread_id`, `command`, `param`, `created_at`, `deleted`) VALUES (1,2,1,'created a new thread','','2013-01-29 14:18:05',0);
INSERT INTO `activity` (`id`, `account_id`, `thread_id`, `command`, `param`, `created_at`, `deleted`) VALUES (2,2,1,'created new tag','{\"tagIds\":[1,2]}','2013-01-29 14:18:24',0);
INSERT INTO `activity` (`id`, `account_id`, `thread_id`, `command`, `param`, `created_at`, `deleted`) VALUES (3,2,2,'created a new thread','','2013-01-31 16:25:27',0);
INSERT INTO `activity` (`id`, `account_id`, `thread_id`, `command`, `param`, `created_at`, `deleted`) VALUES (4,2,1,'added new post','{\"postId\":3}','2013-01-31 16:56:27',0);
INSERT INTO `activity` (`id`, `account_id`, `thread_id`, `command`, `param`, `created_at`, `deleted`) VALUES (5,2,2,'created new tag','{\"tagIds\":[4,5,6]}','2013-01-31 19:14:43',0);
INSERT INTO `activity` (`id`, `account_id`, `thread_id`, `command`, `param`, `created_at`, `deleted`) VALUES (6,2,2,'closed thread','{\"threadId\":2}','2013-02-08 20:38:01',0);
INSERT INTO `activity` (`id`, `account_id`, `thread_id`, `command`, `param`, `created_at`, `deleted`) VALUES (7,2,1,'created new tag','{\"tagIds\":[7,8,9]}','2013-02-12 21:53:52',0);
INSERT INTO `activity` (`id`, `account_id`, `thread_id`, `command`, `param`, `created_at`, `deleted`) VALUES (8,2,1,'closed thread','{\"threadId\":1}','2013-02-12 21:54:03',0);
INSERT INTO `activity` (`id`, `account_id`, `thread_id`, `command`, `param`, `created_at`, `deleted`) VALUES (9,2,3,'created a new thread','','2013-02-12 21:56:03',0);
INSERT INTO `activity` (`id`, `account_id`, `thread_id`, `command`, `param`, `created_at`, `deleted`) VALUES (10,2,3,'closed thread','{\"threadId\":3}','2013-02-13 12:57:08',0);
INSERT INTO `activity` (`id`, `account_id`, `thread_id`, `command`, `param`, `created_at`, `deleted`) VALUES (11,2,3,'created new tag','{\"tagIds\":[11]}','2013-02-13 17:36:40',0);

LOCK TABLES `address` WRITE;
INSERT INTO `address` (`id`, `account_id`, `street_number`, `street_name`, `city`, `zip_code`, `country`) VALUES (1,1,NULL,NULL,NULL,NULL,NULL);
INSERT INTO `address` (`id`, `account_id`, `street_number`, `street_name`, `city`, `zip_code`, `country`) VALUES (2,2,NULL,NULL,NULL,NULL,NULL);

LOCK TABLES `post` WRITE;
INSERT INTO `post` (`id`, `owner`, `content`, `thread_id`, `is_question`, `actived`) VALUES (1,2,'<pre class=\"default prettyprint prettyprinted\" style=\"margin-top: 0px; margin-bottom: 10px; padding: 5px; border: 0px; font-size: 14px; vertical-align: baseline; background-color: rgb(238, 238, 238); font-family: Consolas, Menlo, Monaco, \'Lucida Console\', \'Liberation Mono\', \'DejaVu Sans Mono\', \'Bitstream Vera Sans Mono\', \'Courier New\', monospace, serif; overflow: auto; width: auto; max-height: 600px; line-height: 18px;\"><code style=\"margin: 0px; padding: 0px; border: 0px; vertical-align: baseline; font-family: Consolas, Menlo, Monaco, \'Lucida Console\', \'Liberation Mono\', \'DejaVu Sans Mono\', \'Bitstream Vera Sans Mono\', \'Courier New\', monospace, serif;\"><span class=\"tag\" style=\"margin: 0px; padding: 0px; border: 0px; vertical-align: baseline; background-color: transparent; color: rgb(128, 0, 0);\">&lt;div</span><span class=\"pln\" style=\"margin: 0px; padding: 0px; border: 0px; vertical-align: baseline; background-color: transparent;\"> </span><span class=\"atn\" style=\"margin: 0px; padding: 0px; border: 0px; vertical-align: baseline; background-color: transparent; color: rgb(255, 0, 0);\">class</span><span class=\"pun\" style=\"margin: 0px; padding: 0px; border: 0px; vertical-align: baseline; background-color: transparent;\">=</span><span class=\"atv\" style=\"margin: 0px; padding: 0px; border: 0px; vertical-align: baseline; background-color: transparent; color: rgb(0, 0, 255);\">\"alert alert_red\"</span><span class=\"tag\" style=\"margin: 0px; padding: 0px; border: 0px; vertical-align: baseline; background-color: transparent; color: rgb(128, 0, 0);\">&gt;</span><span class=\"pln\" style=\"margin: 0px; padding: 0px; border: 0px; vertical-align: baseline; background-color: transparent;\">\r\n</span><span class=\"tag\" style=\"margin: 0px; padding: 0px; border: 0px; vertical-align: baseline; background-color: transparent; color: rgb(128, 0, 0);\">&lt;h:graphicImage</span><span class=\"pln\" style=\"margin: 0px; padding: 0px; border: 0px; vertical-align: baseline; background-color: transparent;\"> </span><span class=\"atn\" style=\"margin: 0px; padding: 0px; border: 0px; vertical-align: baseline; background-color: transparent; color: rgb(255, 0, 0);\">name</span><span class=\"pun\" style=\"margin: 0px; padding: 0px; border: 0px; vertical-align: baseline; background-color: transparent;\">=</span><span class=\"atv\" style=\"margin: 0px; padding: 0px; border: 0px; vertical-align: baseline; background-color: transparent; color: rgb(0, 0, 255);\">\"images/icons/small/white/alert_2.png\"</span><span class=\"pln\" style=\"margin: 0px; padding: 0px; border: 0px; vertical-align: baseline; background-color: transparent;\"> </span><span class=\"tag\" style=\"margin: 0px; padding: 0px; border: 0px; vertical-align: baseline; background-color: transparent; color: rgb(128, 0, 0);\">/&gt;</span><span class=\"pln\" style=\"margin: 0px; padding: 0px; border: 0px; vertical-align: baseline; background-color: transparent;\">\r\n</span><span class=\"tag\" style=\"margin: 0px; padding: 0px; border: 0px; vertical-align: baseline; background-color: transparent; color: rgb(128, 0, 0);\">&lt;strong&gt;</span><span class=\"pln\" style=\"margin: 0px; padding: 0px; border: 0px; vertical-align: baseline; background-color: transparent;\">Erro: </span><span class=\"tag\" style=\"margin: 0px; padding: 0px; border: 0px; vertical-align: baseline; background-color: transparent; color: rgb(128, 0, 0);\">&lt;/strong&gt;</span><span class=\"pln\" style=\"margin: 0px; padding: 0px; border: 0px; vertical-align: baseline; background-color: transparent;\">\r\n</span><span class=\"tag\" style=\"margin: 0px; padding: 0px; border: 0px; vertical-align: baseline; background-color: transparent; color: rgb(128, 0, 0);\">&lt;h:message</span><span class=\"pln\" style=\"margin: 0px; padding: 0px; border: 0px; vertical-align: baseline; background-color: transparent;\"> </span><span class=\"atn\" style=\"margin: 0px; padding: 0px; border: 0px; vertical-align: baseline; background-color: transparent; color: rgb(255, 0, 0);\">for</span><span class=\"pun\" style=\"margin: 0px; padding: 0px; border: 0px; vertical-align: baseline; background-color: transparent;\">=</span><span class=\"atv\" style=\"margin: 0px; padding: 0px; border: 0px; vertical-align: baseline; background-color: transparent; color: rgb(0, 0, 255);\">\"name\"</span><span class=\"pln\" style=\"margin: 0px; padding: 0px; border: 0px; vertical-align: baseline; background-color: transparent;\"> </span><span class=\"atn\" style=\"margin: 0px; padding: 0px; border: 0px; vertical-align: baseline; background-color: transparent; color: rgb(255, 0, 0);\">showDetail</span><span class=\"pun\" style=\"margin: 0px; padding: 0px; border: 0px; vertical-align: baseline; background-color: transparent;\">=</span><span class=\"atv\" style=\"margin: 0px; padding: 0px; border: 0px; vertical-align: baseline; background-color: transparent; color: rgb(0, 0, 255);\">\"true\"</span><span class=\"pln\" style=\"margin: 0px; padding: 0px; border: 0px; vertical-align: baseline; background-color: transparent;\"> </span><span class=\"atn\" style=\"margin: 0px; padding: 0px; border: 0px; vertical-align: baseline; background-color: transparent; color: rgb(255, 0, 0);\">showSummary</span><span class=\"pun\" style=\"margin: 0px; padding: 0px; border: 0px; vertical-align: baseline; background-color: transparent;\">=</span><span class=\"atv\" style=\"margin: 0px; padding: 0px; border: 0px; vertical-align: baseline; background-color: transparent; color: rgb(0, 0, 255);\">\"true\"</span><span class=\"pln\" style=\"margin: 0px; padding: 0px; border: 0px; vertical-align: baseline; background-color: transparent;\"> </span><span class=\"tag\" style=\"margin: 0px; padding: 0px; border: 0px; vertical-align: baseline; background-color: transparent; color: rgb(128, 0, 0);\">/&gt;</span><span class=\"pln\" style=\"margin: 0px; padding: 0px; border: 0px; vertical-align: baseline; background-color: transparent;\">\r\n</span><span class=\"tag\" style=\"margin: 0px; padding: 0px; border: 0px; vertical-align: baseline; background-color: transparent; color: rgb(128, 0, 0);\">&lt;/div&gt;</span></code></pre><p style=\"margin: 0px 0px 1em; padding: 0px; border: 0px; font-size: 14px; vertical-align: baseline; background-color: rgb(255, 255, 255); clear: both; word-wrap: break-word; font-family: Arial, \'Liberation Sans\', \'DejaVu Sans\', sans-serif; line-height: 18px;\">How can I show this just if the message is not empty, for example:</p><pre class=\"default prettyprint prettyprinted\" style=\"margin-top: 0px; margin-bottom: 10px; padding: 5px; border: 0px; font-size: 14px; vertical-align: baseline; background-color: rgb(238, 238, 238); font-family: Consolas, Menlo, Monaco, \'Lucida Console\', \'Liberation Mono\', \'DejaVu Sans Mono\', \'Bitstream Vera Sans Mono\', \'Courier New\', monospace, serif; overflow: auto; width: auto; max-height: 600px; line-height: 18px;\"><code style=\"margin: 0px; padding: 0px; border: 0px; vertical-align: baseline; font-family: Consolas, Menlo, Monaco, \'Lucida Console\', \'Liberation Mono\', \'DejaVu Sans Mono\', \'Bitstream Vera Sans Mono\', \'Courier New\', monospace, serif;\"><span class=\"tag\" style=\"margin: 0px; padding: 0px; border: 0px; vertical-align: baseline; background-color: transparent; color: rgb(128, 0, 0);\">&lt;h:panelGroup</span><span class=\"pln\" style=\"margin: 0px; padding: 0px; border: 0px; vertical-align: baseline; background-color: transparent;\"> </span><span class=\"atn\" style=\"margin: 0px; padding: 0px; border: 0px; vertical-align: baseline; background-color: transparent; color: rgb(255, 0, 0);\">rendered</span><span class=\"pun\" style=\"margin: 0px; padding: 0px; border: 0px; vertical-align: baseline; background-color: transparent;\">=</span><span class=\"atv\" style=\"margin: 0px; padding: 0px; border: 0px; vertical-align: baseline; background-color: transparent; color: rgb(0, 0, 255);\">\"#{not empty messages.name}\"</span><span class=\"tag\" style=\"margin: 0px; padding: 0px; border: 0px; vertical-align: baseline; background-color: transparent; color: rgb(128, 0, 0);\">&gt;</span><span class=\"pln\" style=\"margin: 0px; padding: 0px; border: 0px; vertical-align: baseline; background-color: transparent;\">\r\n</span><span class=\"tag\" style=\"margin: 0px; padding: 0px; border: 0px; vertical-align: baseline; background-color: transparent; color: rgb(128, 0, 0);\">&lt;div</span><span class=\"pln\" style=\"margin: 0px; padding: 0px; border: 0px; vertical-align: baseline; background-color: transparent;\"> </span><span class=\"atn\" style=\"margin: 0px; padding: 0px; border: 0px; vertical-align: baseline; background-color: transparent; color: rgb(255, 0, 0);\">class</span><span class=\"pun\" style=\"margin: 0px; padding: 0px; border: 0px; vertical-align: baseline; background-color: transparent;\">=</span><span class=\"atv\" style=\"margin: 0px; padding: 0px; border: 0px; vertical-align: baseline; background-color: transparent; color: rgb(0, 0, 255);\">\"alert alert_red\"</span><span class=\"tag\" style=\"margin: 0px; padding: 0px; border: 0px; vertical-align: baseline; background-color: transparent; color: rgb(128, 0, 0);\">&gt;</span><span class=\"pln\" style=\"margin: 0px; padding: 0px; border: 0px; vertical-align: baseline; background-color: transparent;\">\r\n</span><span class=\"tag\" style=\"margin: 0px; padding: 0px; border: 0px; vertical-align: baseline; background-color: transparent; color: rgb(128, 0, 0);\">&lt;h:graphicImage</span><span class=\"pln\" style=\"margin: 0px; padding: 0px; border: 0px; vertical-align: baseline; background-color: transparent;\"> </span><span class=\"atn\" style=\"margin: 0px; padding: 0px; border: 0px; vertical-align: baseline; background-color: transparent; color: rgb(255, 0, 0);\">name</span><span class=\"pun\" style=\"margin: 0px; padding: 0px; border: 0px; vertical-align: baseline; background-color: transparent;\">=</span><span class=\"atv\" style=\"margin: 0px; padding: 0px; border: 0px; vertical-align: baseline; background-color: transparent; color: rgb(0, 0, 255);\">\"images/icons/small/white/alert_2.png\"</span><span class=\"pln\" style=\"margin: 0px; padding: 0px; border: 0px; vertical-align: baseline; background-color: transparent;\"> </span><span class=\"tag\" style=\"margin: 0px; padding: 0px; border: 0px; vertical-align: baseline; background-color: transparent; color: rgb(128, 0, 0);\">/&gt;</span><span class=\"pln\" style=\"margin: 0px; padding: 0px; border: 0px; vertical-align: baseline; background-color: transparent;\">\r\n</span><span class=\"tag\" style=\"margin: 0px; padding: 0px; border: 0px; vertical-align: baseline; background-color: transparent; color: rgb(128, 0, 0);\">&lt;strong&gt;</span><span class=\"pln\" style=\"margin: 0px; padding: 0px; border: 0px; vertical-align: baseline; background-color: transparent;\">Erro: </span><span class=\"tag\" style=\"margin: 0px; padding: 0px; border: 0px; vertical-align: baseline; background-color: transparent; color: rgb(128, 0, 0);\">&lt;/strong&gt;</span><span class=\"pln\" style=\"margin: 0px; padding: 0px; border: 0px; vertical-align: baseline; background-color: transparent;\">\r\n</span><span class=\"tag\" style=\"margin: 0px; padding: 0px; border: 0px; vertical-align: baseline; background-color: transparent; color: rgb(128, 0, 0);\">&lt;h:message</span><span class=\"pln\" style=\"margin: 0px; padding: 0px; border: 0px; vertical-align: baseline; background-color: transparent;\"> </span><span class=\"atn\" style=\"margin: 0px; padding: 0px; border: 0px; vertical-align: baseline; background-color: transparent; color: rgb(255, 0, 0);\">for</span><span class=\"pun\" style=\"margin: 0px; padding: 0px; border: 0px; vertical-align: baseline; background-color: transparent;\">=</span><span class=\"atv\" style=\"margin: 0px; padding: 0px; border: 0px; vertical-align: baseline; background-color: transparent; color: rgb(0, 0, 255);\">\"name\"</span><span class=\"pln\" style=\"margin: 0px; padding: 0px; border: 0px; vertical-align: baseline; background-color: transparent;\"> </span><span class=\"atn\" style=\"margin: 0px; padding: 0px; border: 0px; vertical-align: baseline; background-color: transparent; color: rgb(255, 0, 0);\">showDetail</span><span class=\"pun\" style=\"margin: 0px; padding: 0px; border: 0px; vertical-align: baseline; background-color: transparent;\">=</span><span class=\"atv\" style=\"margin: 0px; padding: 0px; border: 0px; vertical-align: baseline; background-color: transparent; color: rgb(0, 0, 255);\">\"true\"</span><span class=\"pln\" style=\"margin: 0px; padding: 0px; border: 0px; vertical-align: baseline; background-color: transparent;\"> </span><span class=\"atn\" style=\"margin: 0px; padding: 0px; border: 0px; vertical-align: baseline; background-color: transparent; color: rgb(255, 0, 0);\">showSummary</span><span class=\"pun\" style=\"margin: 0px; padding: 0px; border: 0px; vertical-align: baseline; background-color: transparent;\">=</span><span class=\"atv\" style=\"margin: 0px; padding: 0px; border: 0px; vertical-align: baseline; background-color: transparent; color: rgb(0, 0, 255);\">\"true\"</span><span class=\"pln\" style=\"margin: 0px; padding: 0px; border: 0px; vertical-align: baseline; background-color: transparent;\"> </span><span class=\"tag\" style=\"margin: 0px; padding: 0px; border: 0px; vertical-align: baseline; background-color: transparent; color: rgb(128, 0, 0);\">/&gt;</span><span class=\"pln\" style=\"margin: 0px; padding: 0px; border: 0px; vertical-align: baseline; background-color: transparent;\">\r\n</span><span class=\"tag\" style=\"margin: 0px; padding: 0px; border: 0px; vertical-align: baseline; background-color: transparent; color: rgb(128, 0, 0);\">&lt;/div&gt;</span><span class=\"pln\" style=\"margin: 0px; padding: 0px; border: 0px; vertical-align: baseline; background-color: transparent;\">\r\n</span><span class=\"tag\" style=\"margin: 0px; padding: 0px; border: 0px; vertical-align: baseline; background-color: transparent; color: rgb(128, 0, 0);\">&lt;/h:panelGroup&gt;</span></code></pre>',1,1,1);
INSERT INTO `post` (`id`, `owner`, `content`, `thread_id`, `is_question`, `actived`) VALUES (2,2,'<p style=\"color: rgb(85, 85, 85); font-family: Tahoma, Geneva, sans-serif; font-size: 12px; background-color: rgb(255, 255, 255);\">The QWidget class is the base class of all user interface objects.</p><p style=\"color: rgb(85, 85, 85); font-family: Tahoma, Geneva, sans-serif; font-size: 12px; background-color: rgb(255, 255, 255);\">The widget is the atom of the user interface: it receives mouse, keyboard and other events from the window system, and paints a representation of itself on the screen. Every widget is rectangular, and they are sorted in a Z-order. A widget is clipped by its parent and by the widgets in front of it.</p><p style=\"color: rgb(85, 85, 85); font-family: Tahoma, Geneva, sans-serif; font-size: 12px; background-color: rgb(255, 255, 255);\">A widget that is not embedded in a parent widget is called a window. Usually, windows have a frame and a title bar, although it is also possible to create windows without such decoration using suitable&nbsp;<a href=\"http://harmattan-dev.nokia.com/docs/library/html/qt4/qt.html#WindowType-enum\" style=\"color: rgb(76, 0, 51);\">window flags</a>). In Qt,<a href=\"http://harmattan-dev.nokia.com/docs/library/html/qt4/qmainwindow.html\" style=\"color: rgb(76, 0, 51);\">QMainWindow</a>&nbsp;and the various subclasses of&nbsp;<a href=\"http://harmattan-dev.nokia.com/docs/library/html/qt4/qdialog.html\" style=\"color: rgb(76, 0, 51);\">QDialog</a>&nbsp;are the most common window types.</p><p style=\"color: rgb(85, 85, 85); font-family: Tahoma, Geneva, sans-serif; font-size: 12px; background-color: rgb(255, 255, 255);\">Every widget\'s constructor accepts one or two standard arguments:</p><ol class=\"1\" style=\"color: rgb(85, 85, 85); font-family: Tahoma, Geneva, sans-serif; font-size: 12px; background-color: rgb(255, 255, 255);\"><li style=\"line-height: 1.8; list-style: decimal; padding-top: 0.25em; padding-bottom: 0.25em;\"><tt style=\"line-height: 12px; word-spacing: 0.5em;\">QWidget *parent = 0</tt>&nbsp;is the parent of the new widget. If it is 0 (the default), the new widget will be a window. If not, it will be a child of&nbsp;<em>parent</em>, and be constrained by&nbsp;<em>parent</em>\'s geometry (unless you specify&nbsp;<a href=\"http://harmattan-dev.nokia.com/docs/library/html/qt4/qt.html#WindowType-enum\" style=\"color: rgb(76, 0, 51); text-decoration: initial;\">Qt::Window</a>&nbsp;as window flag).</li><li style=\"line-height: 1.8; list-style: decimal; padding-top: 0.25em; padding-bottom: 0.25em;\"><tt style=\"line-height: 12px; word-spacing: 0.5em;\">Qt::WindowFlags f = 0</tt>&nbsp;(where available) sets the window flags; the default is suitable for almost all widgets, but to get, for example, a window without a window system frame, you must use special flags.</li></ol><p style=\"color: rgb(85, 85, 85); font-family: Tahoma, Geneva, sans-serif; font-size: 12px; background-color: rgb(255, 255, 255);\">QWidget has many member functions, but some of them have little direct functionality; for example, QWidget has a font property, but never uses this itself. There are many subclasses which provide real functionality, such as&nbsp;<a href=\"http://harmattan-dev.nokia.com/docs/library/html/qt4/qlabel.html\" style=\"color: rgb(76, 0, 51);\">QLabel</a>,<a href=\"http://harmattan-dev.nokia.com/docs/library/html/qt4/qpushbutton.html\" style=\"color: rgb(76, 0, 51);\">QPushButton</a>,&nbsp;<a href=\"http://harmattan-dev.nokia.com/docs/library/html/qt4/qlistwidget.html\" style=\"color: rgb(76, 0, 51);\">QListWidget</a>, and&nbsp;<a href=\"http://harmattan-dev.nokia.com/docs/library/html/qt4/qtabwidget.html\" style=\"color: rgb(76, 0, 51);\">QTabWidget</a>.</p><a id=\"top-level-and-child-widgets\" style=\"color: rgb(0, 115, 47); font-family: Tahoma, Geneva, sans-serif; font-size: 12px; background-color: rgb(255, 255, 255);\"></a><span style=\"color: rgb(85, 85, 85); font-family: Tahoma, Geneva, sans-serif; font-size: 12px; background-color: rgb(255, 255, 255);\"></span><h3 style=\"font-size: 13px; color: rgb(85, 85, 85); font-family: Tahoma, Geneva, sans-serif; width: 1289.96875px; background-color: rgb(255, 255, 255);\">Top-Level and Child Widgets</h3><p style=\"color: rgb(85, 85, 85); font-family: Tahoma, Geneva, sans-serif; font-size: 12px; background-color: rgb(255, 255, 255);\">A widget without a parent widget is always an independent window (top-level widget). For these widgets,&nbsp;<a href=\"http://harmattan-dev.nokia.com/docs/library/html/qt4/qwidget.html#windowTitle-prop\" style=\"color: rgb(76, 0, 51);\">setWindowTitle</a>() and&nbsp;<a href=\"http://harmattan-dev.nokia.com/docs/library/html/qt4/qwidget.html#windowIcon-prop\" style=\"color: rgb(76, 0, 51);\">setWindowIcon</a>() set the title bar and icon respectively.</p><p style=\"color: rgb(85, 85, 85); font-family: Tahoma, Geneva, sans-serif; font-size: 12px; background-color: rgb(255, 255, 255);\">Non-window widgets are child widgets, displayed within their parent widgets. Most widgets in Qt are mainly useful as child widgets. For example, it is possible to display a button as a top-level window, but most people prefer to put their buttons inside other widgets, such as&nbsp;<a href=\"http://harmattan-dev.nokia.com/docs/library/html/qt4/qdialog.html\" style=\"color: rgb(76, 0, 51);\">QDialog</a>.</p>',2,1,1);
INSERT INTO `post` (`id`, `owner`, `content`, `thread_id`, `is_question`, `actived`) VALUES (3,2,'I figured how to do a String lookup and how to parse comma separated String respectively. However I wonder if there is an efficient way to meet both of these two requirements. Here is my source XML:\r\n\r\n<?xml version=\"1.0\" ?>\r\n     <MATRIX>\r\n     <DATA_RECORD>\r\n      <COMPONENT1>1, 2</COMPONENT1> \r\n      <COMPONENT2>6, 7, 8, 9</COMPONENT2>  \r\n     </DATA_RECORD>\r\n    </MATRIX>',1,0,1);
INSERT INTO `post` (`id`, `owner`, `content`, `thread_id`, `is_question`, `actived`) VALUES (4,2,'<span style=\"font-family: Arial, \'Liberation Sans\', \'DejaVu Sans\', sans-serif; font-size: 14px; line-height: 18px; background-color: rgb(255, 255, 255);\">Everytime I run a&nbsp;</span><code style=\"margin: 0px; padding: 1px 5px; border: 0px; font-size: 14px; vertical-align: baseline; background-color: rgb(238, 238, 238); font-family: Consolas, Menlo, Monaco, \'Lucida Console\', \'Liberation Mono\', \'DejaVu Sans Mono\', \'Bitstream Vera Sans Mono\', \'Courier New\', monospace, serif; line-height: 18px;\">rake db:migrate</code><span style=\"font-family: Arial, \'Liberation Sans\', \'DejaVu Sans\', sans-serif; font-size: 14px; line-height: 18px; background-color: rgb(255, 255, 255);\">&nbsp;rails decides to change my schema.rb file. In some cases this is completely reasonable, however in some other cases it seems that it\'s doing it for no reason. The case I\'m confused about is when I pull a new migration and a new version of schema.rb from git, and then run</span><code style=\"margin: 0px; padding: 1px 5px; border: 0px; font-size: 14px; vertical-align: baseline; background-color: rgb(238, 238, 238); font-family: Consolas, Menlo, Monaco, \'Lucida Console\', \'Liberation Mono\', \'DejaVu Sans Mono\', \'Bitstream Vera Sans Mono\', \'Courier New\', monospace, serif; line-height: 18px;\">rake db:migrate</code><span style=\"font-family: Arial, \'Liberation Sans\', \'DejaVu Sans\', sans-serif; font-size: 14px; line-height: 18px; background-color: rgb(255, 255, 255);\">. Since the new version of the schema.rb file came with this migration, I shouldn\'t be updating schema.rb. However, rails still changes it, every time. When this occurs I find incredibly silly&nbsp;</span><div><span style=\"font-family: Arial, \'Liberation Sans\', \'DejaVu Sans\', sans-serif; font-size: 14px; line-height: 18px; background-color: rgb(255, 255, 255);\"><br/></span></div><div><pre class=\"default prettyprint prettyprinted\" style=\"margin-top: 0px; margin-bottom: 10px; padding: 5px; border: 0px; font-size: 14px; vertical-align: baseline; background-color: rgb(238, 238, 238); font-family: Consolas, Menlo, Monaco, \'Lucida Console\', \'Liberation Mono\', \'DejaVu Sans Mono\', \'Bitstream Vera Sans Mono\', \'Courier New\', monospace, serif; overflow: auto; width: auto; max-height: 600px; line-height: 18px;\"><code style=\"margin: 0px; padding: 0px; border: 0px; vertical-align: baseline; font-family: Consolas, Menlo, Monaco, \'Lucida Console\', \'Liberation Mono\', \'DejaVu Sans Mono\', \'Bitstream Vera Sans Mono\', \'Courier New\', monospace, serif;\"><span class=\"pln\" style=\"margin: 0px; padding: 0px; border: 0px; vertical-align: baseline; background-color: transparent;\">add_index </span><span class=\"str\" style=\"margin: 0px; padding: 0px; border: 0px; vertical-align: baseline; background-color: transparent; color: rgb(128, 0, 0);\">\"my_table\"</span><span class=\"pun\" style=\"margin: 0px; padding: 0px; border: 0px; vertical-align: baseline; background-color: transparent;\">,</span><span class=\"pln\" style=\"margin: 0px; padding: 0px; border: 0px; vertical-align: baseline; background-color: transparent;\"> </span><span class=\"pun\" style=\"margin: 0px; padding: 0px; border: 0px; vertical-align: baseline; background-color: transparent;\">[</span><span class=\"str\" style=\"margin: 0px; padding: 0px; border: 0px; vertical-align: baseline; background-color: transparent; color: rgb(128, 0, 0);\">\"some_column\"</span><span class=\"pun\" style=\"margin: 0px; padding: 0px; border: 0px; vertical-align: baseline; background-color: transparent;\">,</span><span class=\"pln\" style=\"margin: 0px; padding: 0px; border: 0px; vertical-align: baseline; background-color: transparent;\"> </span><span class=\"str\" style=\"margin: 0px; padding: 0px; border: 0px; vertical-align: baseline; background-color: transparent; color: rgb(128, 0, 0);\">\"some_other_column\"</span><span class=\"pun\" style=\"margin: 0px; padding: 0px; border: 0px; vertical-align: baseline; background-color: transparent;\">],</span><span class=\"pln\" style=\"margin: 0px; padding: 0px; border: 0px; vertical-align: baseline; background-color: transparent;\"> </span><span class=\"pun\" style=\"margin: 0px; padding: 0px; border: 0px; vertical-align: baseline; background-color: transparent;\">:</span><span class=\"pln\" style=\"margin: 0px; padding: 0px; border: 0px; vertical-align: baseline; background-color: transparent;\">name </span><span class=\"pun\" style=\"margin: 0px; padding: 0px; border: 0px; vertical-align: baseline; background-color: transparent;\">=&gt;</span><span class=\"pln\" style=\"margin: 0px; padding: 0px; border: 0px; vertical-align: baseline; background-color: transparent;\"> </span><span class=\"str\" style=\"margin: 0px; padding: 0px; border: 0px; vertical-align: baseline; background-color: transparent; color: rgb(128, 0, 0);\">\"index_on_some_columns\"</span></code></pre></div><div><code style=\"margin: 0px; padding: 0px; border: 0px; vertical-align: baseline; font-family: Consolas, Menlo, Monaco, \'Lucida Console\', \'Liberation Mono\', \'DejaVu Sans Mono\', \'Bitstream Vera Sans Mono\', \'Courier New\', monospace, serif;\"><span class=\"str\" style=\"margin: 0px; padding: 0px; border: 0px; vertical-align: baseline; background-color: transparent; color: rgb(128, 0, 0);\"><br/></span></code></div>',3,1,1);
INSERT INTO `post` (`id`, `owner`, `content`, `thread_id`, `is_question`, `actived`) VALUES (5,1,'<p style=\"font: 14px/21px Helvetica, Arial, sans-serif; margin: 0px 0px 1.5em; padding: 0px; outline: 0px; border: 0px currentColor; text-align: left; color: rgb(51, 51, 51); text-transform: none; text-indent: 0px; letter-spacing: normal; word-spacing: 0px; white-space: normal; orphans: 2; widows: 2; background-color: rgb(255, 255, 255); -webkit-text-size-adjust: auto; -webkit-text-stroke-width: 0px;\">As with the<span class=\"Apple-converted-space\">&nbsp;</span><tt style=\"margin: 0px; padding: 0px; outline: 0px; border: 0px currentColor; line-height: 1.5; font-family: \\\"Anonymous Pro\\\", Inconsolata, Menlo, Consolas, \\\"Bitstream Vera Sans Mono\\\", \\\"Courier New\\\", monospace; font-size: 1em; background-color: transparent;\">home</tt><span class=\"Apple-converted-space\">&nbsp;</span>controller, we will need to add a route so that Rails knows where we would like to navigate to see<span class=\"Apple-converted-space\">&nbsp;</span><tt style=\"margin: 0px; padding: 0px; outline: 0px; border: 0px currentColor; line-height: 1.5; font-family: \\\"Anonymous Pro\\\", Inconsolata, Menlo, Consolas, \\\"Bitstream Vera Sans Mono\\\", \\\"Courier New\\\", monospace; font-size: 1em; background-color: transparent;\">comments</tt>. Open up the<span class=\"Apple-converted-space\">&nbsp;</span><tt style=\"margin: 0px; padding: 0px; outline: 0px; border: 0px currentColor; line-height: 1.5; font-family: \\\"Anonymous Pro\\\", Inconsolata, Menlo, Consolas, \\\"Bitstream Vera Sans Mono\\\", \\\"Courier New\\\", monospace; font-size: 1em; background-color: transparent;\">config/routes.rb</tt><span class=\"Apple-converted-space\">&nbsp;</span>file again. Near the top, you will see the entry for<span class=\"Apple-converted-space\">&nbsp;</span><tt style=\"margin: 0px; padding: 0px; outline: 0px; border: 0px currentColor; line-height: 1.5; font-family: \\\"Anonymous Pro\\\", Inconsolata, Menlo, Consolas, \\\"Bitstream Vera Sans Mono\\\", \\\"Courier New\\\", monospace; font-size: 1em; background-color: transparent;\">posts</tt><span class=\"Apple-converted-space\">&nbsp;</span>that was added automatically by the scaffold generator:<span class=\"Apple-converted-space\">&nbsp;</span><tt style=\"margin: 0px; padding: 0px; outline: 0px; border: 0px currentColor; line-height: 1.5; font-family: \\\"Anonymous Pro\\\", Inconsolata, Menlo, Consolas, \\\"Bitstream Vera Sans Mono\\\", \\\"Courier New\\\", monospace; font-size: 1em; background-color: transparent;\">resources :posts</tt>. Edit it as follows:</p><div class=\"code_container\" style=\"font: 14px/21px Helvetica, Arial, sans-serif; margin: 0px 0px 1.5em; padding: 0.25em 1em 0.5em 48px; outline: 0px; border: 0px currentColor; text-align: left; color: rgb(51, 51, 51); text-transform: none; text-indent: 0px; letter-spacing: normal; word-spacing: 0px; white-space: normal; orphans: 2; widows: 2; background-image: url(\\\"http://guides.rubyonrails.org/images/tab_grey.gif\\\"); background-repeat: no-repeat no-repeat; background-color: rgb(238, 238, 238); -webkit-text-size-adjust: auto; -webkit-text-stroke-width: 0px;\"><div style=\"margin: 0px; padding: 0px; outline: 0px; border: 0px currentColor; font-size: 14px; background-color: transparent;\"><div class=\"syntaxhighlighter nogutter  ruby\" id=\"highlighter_20266\" style=\"margin: 1em 0px !important; padding: 0px; outline: 0px; border: 0px currentColor; width: 568px; font-family: \\\"Anonymous Pro\\\", Inconsolata, Menlo, Consolas, \\\"Bitstream Vera Sans Mono\\\", \\\"Courier New\\\", monospace !important; font-size: 1em !important; position: relative !important; -ms-overflow-x: auto !important; -ms-overflow-y: hidden !important; background-color: rgb(238, 238, 238) !important;\"><table style=\"margin: 0px !important; padding: 0px !important; outline: 0px !important; border-radius: 0px !important; border: 0px currentColor !important; left: auto !important; top: auto !important; width: 568px; height: auto !important; text-align: left !important; right: auto !important; bottom: auto !important; line-height: 1.25em !important; overflow: visible !important; font-family: Consolas, \\\"Bitstream Vera Sans Mono\\\", \\\"Courier New\\\", Courier, monospace !important; font-size: 1em !important; font-style: normal !important; font-weight: normal !important; vertical-align: baseline !important; float: none !important; border-collapse: collapse; position: static !important; min-height: auto !important; box-sizing: content-box !important; border-spacing: 0px; background-image: none !important;\" border=\"0\" cellspacing=\"0\" cellpadding=\"0\"><tbody style=\"margin: 0px !important; padding: 0px !important; outline: 0px !important; border-radius: 0px !important; border: 0px currentColor !important; left: auto !important; top: auto !important; width: auto !important; height: auto !important; text-align: left !important; right: auto !important; bottom: auto !important; line-height: 1.25em !important; overflow: visible !important; font-family: Consolas, \\\"Bitstream Vera Sans Mono\\\", \\\"Courier New\\\", Courier, monospace !important; font-size: 1em !important; font-style: normal !important; font-weight: normal !important; vertical-align: baseline !important; float: none !important; position: static !important; min-height: auto !important; box-sizing: content-box !important; background-image: none !important;\"><tr style=\"margin: 0px !important; padding: 0px !important; outline: 0px !important; border-radius: 0px !important; border: 0px currentColor !important; left: auto !important; top: auto !important; width: auto !important; height: auto !important; text-align: left !important; right: auto !important; bottom: auto !important; line-height: 1.25em !important; overflow: visible !important; font-family: Consolas, \\\"Bitstream Vera Sans Mono\\\", \\\"Courier New\\\", Courier, monospace !important; font-size: 1em !important; font-style: normal !important; font-weight: normal !important; vertical-align: baseline !important; float: none !important; position: static !important; min-height: auto !important; box-sizing: content-box !important; background-image: none !important;\"><td class=\"code\" style=\"margin: 0px !important; padding: 0px !important; outline: 0px !important; border-radius: 0px !important; border: 0px currentColor !important; left: auto !important; top: auto !important; width: 568px; height: auto !important; text-align: left !important; right: auto !important; bottom: auto !important; line-height: 1.25em !important; overflow: visible !important; font-family: Consolas, \\\"Bitstream Vera Sans Mono\\\", \\\"Courier New\\\", Courier, monospace !important; font-size: 1em !important; font-style: normal !important; font-weight: normal !important; vertical-align: baseline !important; float: none !important; border-collapse: collapse; position: static !important; min-height: auto !important; box-sizing: content-box !important; background-image: none !important;\"><div class=\"container\" style=\"margin: 0px !important; padding: 0px !important; outline: 0px !important; border-radius: 0px !important; border: 0px currentColor !important; left: auto !important; top: auto !important; width: auto !important; height: auto !important; text-align: left !important; right: auto !important; bottom: auto !important; line-height: 1.25em !important; overflow: visible !important; font-family: Consolas, \\\"Bitstream Vera Sans Mono\\\", \\\"Courier New\\\", Courier, monospace !important; font-size: 1em !important; font-style: normal !important; font-weight: normal !important; vertical-align: baseline !important; float: none !important; position: relative !important; min-height: auto !important; box-sizing: content-box !important; background-image: none !important;\"><div class=\"line number1 index0 alt2\" style=\"margin: 0px !important; padding: 0px 1em 0px 0em !important; outline: 0px !important; border-radius: 0px !important; border: 0px currentColor !important; left: auto !important; top: auto !important; width: auto !important; height: auto !important; text-align: left !important; right: auto !important; bottom: auto !important; line-height: 1.25em !important; overflow: visible !important; font-family: Consolas, \\\"Bitstream Vera Sans Mono\\\", \\\"Courier New\\\", Courier, monospace !important; font-size: 1em !important; font-style: normal !important; font-weight: normal !important; vertical-align: baseline !important; float: none !important; white-space: pre !important; position: static !important; min-height: auto !important; box-sizing: content-box !important; background-image: none !important; background-color: rgb(238, 238, 238) !important;\"><code class=\"ruby plain\" style=\"margin: 0px !important; padding: 0px !important; outline: 0px !important; border-radius: 0px !important; border: 0px currentColor !important; left: auto !important; top: auto !important; width: auto !important; height: auto !important; text-align: left !important; right: auto !important; bottom: auto !important; color: rgb(34, 34, 34) !important; line-height: 1.25em !important; overflow: visible !important; font-family: Consolas, \\\"Bitstream Vera Sans Mono\\\", \\\"Courier New\\\", Courier, monospace !important; font-size: 1em !important; font-style: normal !important; font-weight: normal !important; vertical-align: baseline !important; float: none !important; position: static !important; min-height: auto !important; box-sizing: content-box !important; background-image: none !important;\">resources </code><code class=\"ruby color2\" style=\"margin: 0px !important; padding: 0px !important; outline: 0px !important; border-radius: 0px !important; border: 0px currentColor !important; left: auto !important; top: auto !important; width: auto !important; height: auto !important; text-align: left !important; right: auto !important; bottom: auto !important; color: rgb(34, 34, 34) !important; line-height: 1.25em !important; overflow: visible !important; font-family: Consolas, \\\"Bitstream Vera Sans Mono\\\", \\\"Courier New\\\", Courier, monospace !important; font-size: 1em !important; font-style: normal !important; font-weight: bold !important; vertical-align: baseline !important; float: none !important; position: static !important; min-height: auto !important; box-sizing: content-box !important; background-image: none !important;\">:posts</code> <code class=\"ruby keyword\" style=\"margin: 0px !important; padding: 0px !important; outline: 0px !important; border-radius: 0px !important; border: 0px currentColor !important; left: auto !important; top: auto !important; width: auto !important; height: auto !important; text-align: left !important; right: auto !important; bottom: auto !important; color: rgb(100, 67, 77) !important; line-height: 1.25em !important; overflow: visible !important; font-family: Consolas, \\\"Bitstream Vera Sans Mono\\\", \\\"Courier New\\\", Courier, monospace !important; font-size: 1em !important; font-style: normal !important; font-weight: normal !important; vertical-align: baseline !important; float: none !important; position: static !important; min-height: auto !important; box-sizing: content-box !important; background-image: none !important;\">do</code></div><div class=\"line number2 index1 alt1\" style=\"margin: 0px !important; padding: 0px 1em 0px 0em !important; outline: 0px !important; border-radius: 0px !important; border: 0px currentColor !important; left: auto !important; top: auto !important; width: auto !important; height: auto !important; text-align: left !important; right: auto !important; bottom: auto !important; line-height: 1.25em !important; overflow: visible !important; font-family: Consolas, \\\"Bitstream Vera Sans Mono\\\", \\\"Courier New\\\", Courier, monospace !important; font-size: 1em !important; font-style: normal !important; font-weight: normal !important; vertical-align: baseline !important; float: none !important; white-space: pre !important; position: static !important; min-height: auto !important; box-sizing: content-box !important; background-image: none !important; background-color: rgb(238, 238, 238) !important;\"><code class=\"ruby spaces\" style=\"margin: 0px !important; padding: 0px !important; outline: 0px !important; border-radius: 0px !important; border: 0px currentColor !important; left: auto !important; top: auto !important; width: auto !important; height: auto !important; text-align: left !important; right: auto !important; bottom: auto !important; color: rgb(34, 34, 34); line-height: 1.25em !important; overflow: visible !important; font-family: Consolas, \\\"Bitstream Vera Sans Mono\\\", \\\"Courier New\\\", Courier, monospace !important; font-size: 1em !important; font-style: normal !important; font-weight: normal !important; vertical-align: baseline !important; float: none !important; position: static !important; min-height: auto !important; box-sizing: content-box !important; background-image: none !important;\">&nbsp;&nbsp;</code><code class=\"ruby plain\" style=\"margin: 0px !important; padding: 0px !important; outline: 0px !important; border-radius: 0px !important; border: 0px currentColor !important; left: auto !important; top: auto !important; width: auto !important; height: auto !important; text-align: left !important; right: auto !important; bottom: auto !important; color: rgb(34, 34, 34) !important; line-height: 1.25em !important; overflow: visible !important; font-family: Consolas, \\\"Bitstream Vera Sans Mono\\\", \\\"Courier New\\\", Courier, monospace !important; font-size: 1em !important; font-style: normal !important; font-weight: normal !important; vertical-align: baseline !important; float: none !important; position: static !important; min-height: auto !important; box-sizing: content-box !important; background-image: none !important;\">resources </code><code class=\"ruby color2\" style=\"margin: 0px !important; padding: 0px !important; outline: 0px !important; border-radius: 0px !important; border: 0px currentColor !important; left: auto !important; top: auto !important; width: auto !important; height: auto !important; text-align: left !important; right: auto !important; bottom: auto !important; color: rgb(34, 34, 34) !important; line-height: 1.25em !important; overflow: visible !important; font-family: Consolas, \\\"Bitstream Vera Sans Mono\\\", \\\"Courier New\\\", Courier, monospace !important; font-size: 1em !important; font-style: normal !important; font-weight: bold !important; vertical-align: baseline !important; float: none !important; position: static !important; min-height: auto !important; box-sizing: content-box !important; background-image: none !important;\">:comments</code></div><div class=\"line number3 index2 alt2\" style=\"margin: 0px !important; padding: 0px 1em 0px 0em !important; outline: 0px !important; border-radius: 0px !important; border: 0px currentColor !important; left: auto !important; top: auto !important; width: auto !important; height: auto !important; text-align: left !important; right: auto !important; bottom: auto !important; line-height: 1.25em !important; overflow: visible !important; font-family: Consolas, \\\"Bitstream Vera Sans Mono\\\", \\\"Courier New\\\", Courier, monospace !important; font-size: 1em !important; font-style: normal !important; font-weight: normal !important; vertical-align: baseline !important; float: none !important; white-space: pre !important; position: static !important; min-height: auto !important; box-sizing: content-box !important; background-image: none !important; background-color: rgb(238, 238, 238) !important;\"><code class=\"ruby keyword\" style=\"margin: 0px !important; padding: 0px !important; outline: 0px !important; border-radius: 0px !important; border: 0px currentColor !important; left: auto !important; top: auto !important; width: auto !important; height: auto !important; text-align: left !important; right: auto !important; bottom: auto !important; color: rgb(100, 67, 77) !important; line-height: 1.25em !important; overflow: visible !important; font-family: Consolas, \\\"Bitstream Vera Sans Mono\\\", \\\"Courier New\\\", Courier, monospace !important; font-size: 1em !important; font-style: normal !important; font-weight: normal !important; vertical-align: baseline !important; float: none !important; position: static !important; min-height: auto !important; box-sizing: content-box !important; background-image: none !important;\">end</code></div></div></td></tr></tbody></table></div></div></div><p style=\"font: 14px/21px Helvetica, Arial, sans-serif; margin: 0px 0px 1.5em; padding: 0px; outline: 0px; border: 0px currentColor; text-align: left; color: rgb(51, 51, 51); text-transform: none; text-indent: 0px; letter-spacing: normal; word-spacing: 0px; white-space: normal; orphans: 2; widows: 2; background-color: rgb(255, 255, 255); -webkit-text-size-adjust: auto; -webkit-text-stroke-width: 0px;\">This creates<span class=\"Apple-converted-space\">&nbsp;</span><tt style=\"margin: 0px; padding: 0px; outline: 0px; border: 0px currentColor; line-height: 1.5; font-family: \\\"Anonymous Pro\\\", Inconsolata, Menlo, Consolas, \\\"Bitstream Vera Sans Mono\\\", \\\"Courier New\\\", monospace; font-size: 1em; background-color: transparent;\">comments</tt><span class=\"Apple-converted-space\">&nbsp;</span>as a<span class=\"Apple-converted-space\">&nbsp;</span><em style=\"margin: 0px; padding: 0px; outline: 0px; border: 0px currentColor; font-size: 14px; font-style: italic; background-color: transparent;\">nested resource</em><span class=\"Apple-converted-space\">&nbsp;</span>within<span class=\"Apple-converted-space\">&nbsp;</span><tt style=\"margin: 0px; padding: 0px; outline: 0px; border: 0px currentColor; line-height: 1.5; font-family: \\\"Anonymous Pro\\\", Inconsolata, Menlo, Consolas, \\\"Bitstream Vera Sans Mono\\\", \\\"Courier New\\\", monospace; font-size: 1em; background-color: transparent;\">posts</tt>. This is another part of capturing the hierarchical relationship that exists between posts and comments.</p>',1,0,1);

LOCK TABLES `profile` WRITE;
INSERT INTO `profile` (`id`, `account_id`) VALUES (1,1);
INSERT INTO `profile` (`id`, `account_id`) VALUES (2,2);

LOCK TABLES `role` WRITE;
INSERT INTO `role` (`id`, `name`, `description`) VALUES (1,'ROLE_SUPERVISOR','Supervisor');
INSERT INTO `role` (`id`, `name`, `description`) VALUES (2,'ROLE_TELLER','Teller');
INSERT INTO `role` (`id`, `name`, `description`) VALUES (3,'ROLE_USER','User');

LOCK TABLES `tag` WRITE;
INSERT INTO `tag` (`id`, `created_by`, `name`, `description`) VALUES (1,2,'JSF','JSF category');
INSERT INTO `tag` (`id`, `created_by`, `name`, `description`) VALUES (2,2,'Java','Java');
INSERT INTO `tag` (`id`, `created_by`, `name`, `description`) VALUES (3,2,'Eclipse','Eclipse');
INSERT INTO `tag` (`id`, `created_by`, `name`, `description`) VALUES (4,2,'Qt','Qt');
INSERT INTO `tag` (`id`, `created_by`, `name`, `description`) VALUES (5,2,'C++','C++');
INSERT INTO `tag` (`id`, `created_by`, `name`, `description`) VALUES (6,2,'Nokia','Nokia');
INSERT INTO `tag` (`id`, `created_by`, `name`, `description`) VALUES (7,2,'fdff','Test');
INSERT INTO `tag` (`id`, `created_by`, `name`, `description`) VALUES (8,2,'dfdfd','Test');
INSERT INTO `tag` (`id`, `created_by`, `name`, `description`) VALUES (9,2,'dfd','Test');
INSERT INTO `tag` (`id`, `created_by`, `name`, `description`) VALUES (10,2,'Epitech,video','Epitech');
INSERT INTO `tag` (`id`, `created_by`, `name`, `description`) VALUES (11,2,'ruby','Ruby');

LOCK TABLES `thread` WRITE;
INSERT INTO `thread` (`id`, `created_by`, `title`, `actived`, `closed`, `post_valid_id`) VALUES (1,2,'JSF: Rendered a panelGroup if message is not empty',1,0,NULL);
INSERT INTO `thread` (`id`, `created_by`, `title`, `actived`, `closed`, `post_valid_id`) VALUES (2,2,'Spring Dynamic Language Support with Groovy',1,0,NULL);
INSERT INTO `thread` (`id`, `created_by`, `title`, `actived`, `closed`, `post_valid_id`) VALUES (3,2,'rails changes schema.rb for no reason',1,0,NULL);

LOCK TABLES `thread_tag` WRITE;
INSERT INTO `thread_tag` (`id`, `thread_id`, `tag_id`) VALUES (1,1,1);
INSERT INTO `thread_tag` (`id`, `thread_id`, `tag_id`) VALUES (2,1,2);
INSERT INTO `thread_tag` (`id`, `thread_id`, `tag_id`) VALUES (3,2,4);
INSERT INTO `thread_tag` (`id`, `thread_id`, `tag_id`) VALUES (4,2,5);
INSERT INTO `thread_tag` (`id`, `thread_id`, `tag_id`) VALUES (5,2,6);
INSERT INTO `thread_tag` (`id`, `thread_id`, `tag_id`) VALUES (6,1,7);
INSERT INTO `thread_tag` (`id`, `thread_id`, `tag_id`) VALUES (7,1,8);
INSERT INTO `thread_tag` (`id`, `thread_id`, `tag_id`) VALUES (8,1,9);
INSERT INTO `thread_tag` (`id`, `thread_id`, `tag_id`) VALUES (9,3,11);

LOCK TABLES `user` WRITE;
INSERT INTO `user` (`id`, `username`, `primary_email`, `password`, `deleted`) VALUES (1,'Supervisor','supervisor@dorian.fr','775ce518fa8dfcd27407748958f594aa4c0badc2',0);
INSERT INTO `user` (`id`, `username`, `primary_email`, `password`, `deleted`) VALUES (2,'Hello','hello@dorian.fr','d659b83d947eae29ea7bc1430f74d067f3b304dd',0);

LOCK TABLES `user_account` WRITE;
INSERT INTO `user_account` (`id`, `account_id`, `role_id`) VALUES (1,1,3);
INSERT INTO `user_account` (`id`, `account_id`, `role_id`) VALUES (2,2,3);
INSERT INTO `user_account` (`id`, `account_id`, `role_id`) VALUES (3,1,1);
INSERT INTO `user_account` (`id`, `account_id`, `role_id`) VALUES (4,1,2);